date,sku_name,sales,selling_price
2025-01-01,APPLE-IPHONE-CASE,59,28.0
2025-01-02,APPLE-IPHONE-CASE,95,22.4
2025-01-03,APPLE-IPHONE-CASE,46,28.0
2025-01-04,APPLE-IPHONE-CASE,38,28.0
2025-01-05,APPLE-IPHONE-CASE,30,28.0
2025-01-06,APPLE-IPHONE-CASE,46,28.0
2025-01-07,APPLE-IPHONE-CASE,54,28.0
2025-01-08,APPLE-IPHONE-CASE,58,28.0
2025-01-09,APPLE-IPHONE-CASE,61,28.0
2025-01-10,APPLE-IPHONE-CASE,51,28.0
2025-01-11,APPLE-IPHONE-CASE,51,22.4
2025-01-12,APPLE-IPHONE-CASE,32,28.0
2025-01-13,APPLE-IPHONE-CASE,43,28.0
2025-01-14,APPLE-IPHONE-CASE,54,28.0
2025-01-15,APPLE-IPHONE-CASE,61,28.0
2025-01-16,APPLE-IPHONE-CASE,58,28.0
2025-01-17,APPLE-IPHONE-CASE,75,22.4
2025-01-18,APPLE-IPHONE-CASE,37,28.0
2025-01-19,APPLE-IPHONE-CASE,34,28.0
2025-01-20,APPLE-IPHONE-CASE,43,28.0
2025-01-21,APPLE-IPHONE-CASE,49,28.0
2025-01-22,APPLE-IPHONE-CASE,67,28.0
2025-01-23,APPLE-IPHONE-CASE,74,28.0
2025-01-24,APPLE-IPHONE-CASE,44,28.0
2025-01-25,APPLE-IPHONE-CASE,40,28.0
2025-01-26,APPLE-IPHONE-CASE,37,28.0
2025-01-27,APPLE-IPHONE-CASE,46,28.0
2025-01-28,APPLE-IPHONE-CASE,54,28.0
2025-01-29,APPLE-IPHONE-CASE,64,28.0
2025-01-30,APPLE-IPHONE-CASE,57,28.0
2025-01-31,APPLE-IPHONE-CASE,49,28.0
2025-02-01,APPLE-IPHONE-CASE,43,28.0
2025-02-02,APPLE-IPHONE-CASE,31,28.0
2025-02-03,APPLE-IPHONE-CASE,34,28.0
2025-02-04,APPLE-IPHONE-CASE,57,28.0
2025-02-05,APPLE-IPHONE-CASE,71,28.0
2025-02-06,APPLE-IPHONE-CASE,61,28.0
2025-02-07,APPLE-IPHONE-CASE,58,28.0
2025-02-08,APPLE-IPHONE-CASE,36,28.0
2025-02-09,APPLE-IPHONE-CASE,34,28.0
2025-02-10,APPLE-IPHONE-CASE,39,28.0
2025-02-11,APPLE-IPHONE-CASE,56,28.0
2025-02-12,APPLE-IPHONE-CASE,71,28.0
2025-02-13,APPLE-IPHONE-CASE,67,28.0
2025-02-14,APPLE-IPHONE-CASE,56,28.0
2025-02-15,APPLE-IPHONE-CASE,41,28.0
2025-02-16,APPLE-IPHONE-CASE,36,28.0
2025-02-17,APPLE-IPHONE-CASE,34,28.0
2025-02-18,APPLE-IPHONE-CASE,54,28.0
2025-02-19,APPLE-IPHONE-CASE,80,28.0
2025-02-20,APPLE-IPHONE-CASE,61,28.0
2025-02-21,APPLE-IPHONE-CASE,54,28.0
2025-02-22,APPLE-IPHONE-CASE,37,28.0
2025-02-23,APPLE-IPHONE-CASE,37,28.0
2025-02-24,APPLE-IPHONE-CASE,44,28.0
2025-02-25,APPLE-IPHONE-CASE,53,28.0
2025-02-26,APPLE-IPHONE-CASE,63,28.0
2025-02-27,APPLE-IPHONE-CASE,65,28.0
2025-02-28,APPLE-IPHONE-CASE,48,28.0
2025-03-01,APPLE-IPHONE-CASE,30,28.0
2025-03-02,APPLE-IPHONE-CASE,37,28.0
2025-03-03,APPLE-IPHONE-CASE,48,28.0
2025-03-04,APPLE-IPHONE-CASE,63,28.0
2025-03-05,APPLE-IPHONE-CASE,72,28.0
2025-03-06,APPLE-IPHONE-CASE,56,28.0
2025-03-07,APPLE-IPHONE-CASE,59,28.0
2025-03-08,APPLE-IPHONE-CASE,37,28.0
2025-03-09,APPLE-IPHONE-CASE,31,28.0
2025-03-10,APPLE-IPHONE-CASE,42,28.0
2025-03-11,APPLE-IPHONE-CASE,55,28.0
2025-03-12,APPLE-IPHONE-CASE,61,28.0
2025-03-13,APPLE-IPHONE-CASE,64,28.0
2025-03-14,APPLE-IPHONE-CASE,52,28.0
2025-03-15,APPLE-IPHONE-CASE,37,28.0
2025-03-16,APPLE-IPHONE-CASE,36,28.0
2025-03-17,APPLE-IPHONE-CASE,43,28.0
2025-03-18,APPLE-IPHONE-CASE,55,28.0
2025-03-19,APPLE-IPHONE-CASE,65,28.0
2025-03-20,APPLE-IPHONE-CASE,67,28.0
2025-03-21,APPLE-IPHONE-CASE,45,28.0
2025-03-22,APPLE-IPHONE-CASE,36,28.0
2025-03-23,APPLE-IPHONE-CASE,39,28.0
2025-03-24,APPLE-IPHONE-CASE,45,28.0
2025-03-25,APPLE-IPHONE-CASE,62,28.0
2025-03-26,APPLE-IPHONE-CASE,68,28.0
2025-03-27,APPLE-IPHONE-CASE,59,28.0
2025-03-28,APPLE-IPHONE-CASE,50,28.0
2025-03-29,APPLE-IPHONE-CASE,39,28.0
2025-03-30,APPLE-IPHONE-CASE,34,28.0
2025-03-31,APPLE-IPHONE-CASE,62,22.4
2025-04-01,APPLE-IPHONE-CASE,84,22.4
2025-04-02,APPLE-IPHONE-CASE,73,28.0
2025-04-03,APPLE-IPHONE-CASE,63,28.0
2025-04-04,APPLE-IPHONE-CASE,57,28.0
2025-04-05,APPLE-IPHONE-CASE,39,28.0
2025-04-06,APPLE-IPHONE-CASE,39,28.0
2025-04-07,APPLE-IPHONE-CASE,50,28.0
2025-04-08,APPLE-IPHONE-CASE,69,28.0
2025-04-09,APPLE-IPHONE-CASE,75,28.0
2025-04-10,APPLE-IPHONE-CASE,99,22.4
2025-04-11,APPLE-IPHONE-CASE,60,28.0
2025-04-12,APPLE-IPHONE-CASE,46,22.4
2025-04-13,APPLE-IPHONE-CASE,32,28.0
2025-04-14,APPLE-IPHONE-CASE,50,28.0
2025-04-15,APPLE-IPHONE-CASE,49,28.0
2025-04-16,APPLE-IPHONE-CASE,70,28.0
2025-04-17,APPLE-IPHONE-CASE,67,28.0
2025-04-18,APPLE-IPHONE-CASE,45,28.0
2025-04-19,APPLE-IPHONE-CASE,35,28.0
2025-04-20,APPLE-IPHONE-CASE,39,28.0
2025-04-21,APPLE-IPHONE-CASE,48,28.0
2025-04-22,APPLE-IPHONE-CASE,57,28.0
2025-04-23,APPLE-IPHONE-CASE,65,28.0
2025-04-24,APPLE-IPHONE-CASE,62,28.0
2025-04-25,APPLE-IPHONE-CASE,77,22.4
2025-04-26,APPLE-IPHONE-CASE,34,28.0
2025-04-27,APPLE-IPHONE-CASE,36,28.0
2025-04-28,APPLE-IPHONE-CASE,39,28.0
2025-04-29,APPLE-IPHONE-CASE,65,28.0
2025-04-30,APPLE-IPHONE-CASE,71,28.0
2025-05-01,APPLE-IPHONE-CASE,74,28.0
2025-05-02,APPLE-IPHONE-CASE,42,28.0
2025-05-03,APPLE-IPHONE-CASE,31,28.0
2025-05-04,APPLE-IPHONE-CASE,34,28.0
2025-05-05,APPLE-IPHONE-CASE,53,28.0
2025-05-06,APPLE-IPHONE-CASE,55,28.0
2025-05-07,APPLE-IPHONE-CASE,77,28.0
2025-05-08,APPLE-IPHONE-CASE,68,28.0
2025-05-09,APPLE-IPHONE-CASE,54,28.0
2025-05-10,APPLE-IPHONE-CASE,43,28.0
2025-05-11,APPLE-IPHONE-CASE,32,28.0
2025-05-12,APPLE-IPHONE-CASE,43,28.0
2025-05-13,APPLE-IPHONE-CASE,55,28.0
2025-05-14,APPLE-IPHONE-CASE,71,28.0
2025-05-15,APPLE-IPHONE-CASE,78,28.0
2025-05-16,APPLE-IPHONE-CASE,52,28.0
2025-05-17,APPLE-IPHONE-CASE,42,28.0
2025-05-18,APPLE-IPHONE-CASE,38,28.0
2025-05-19,APPLE-IPHONE-CASE,47,28.0
2025-05-20,APPLE-IPHONE-CASE,60,28.0
2025-05-21,APPLE-IPHONE-CASE,78,28.0
2025-05-22,APPLE-IPHONE-CASE,68,28.0
2025-05-23,APPLE-IPHONE-CASE,51,28.0
2025-05-24,APPLE-IPHONE-CASE,32,28.0
2025-05-25,APPLE-IPHONE-CASE,41,28.0
2025-05-26,APPLE-IPHONE-CASE,50,28.0
2025-05-27,APPLE-IPHONE-CASE,63,28.0
2025-05-28,APPLE-IPHONE-CASE,71,28.0
2025-05-29,APPLE-IPHONE-CASE,77,28.0
2025-05-30,APPLE-IPHONE-CASE,54,28.0
2025-05-31,APPLE-IPHONE-CASE,38,28.0
2025-06-01,APPLE-IPHONE-CASE,40,28.0
2025-06-02,APPLE-IPHONE-CASE,45,28.0
2025-06-03,APPLE-IPHONE-CASE,62,28.0
2025-06-04,APPLE-IPHONE-CASE,70,28.0
2025-06-05,APPLE-IPHONE-CASE,67,28.0
2025-06-06,APPLE-IPHONE-CASE,46,28.0
2025-06-07,APPLE-IPHONE-CASE,37,28.0
2025-06-08,APPLE-IPHONE-CASE,34,28.0
2025-06-09,APPLE-IPHONE-CASE,41,28.0
2025-06-10,APPLE-IPHONE-CASE,61,28.0
2025-06-11,APPLE-IPHONE-CASE,74,28.0
2025-06-12,APPLE-IPHONE-CASE,63,28.0
2025-06-13,APPLE-IPHONE-CASE,65,28.0
2025-06-14,APPLE-IPHONE-CASE,40,28.0
2025-06-15,APPLE-IPHONE-CASE,39,28.0
2025-06-16,APPLE-IPHONE-CASE,42,28.0
2025-06-17,APPLE-IPHONE-CASE,58,28.0
2025-06-18,APPLE-IPHONE-CASE,113,22.4
2025-06-19,APPLE-IPHONE-CASE,72,28.0
2025-06-20,APPLE-IPHONE-CASE,54,28.0
2025-06-21,APPLE-IPHONE-CASE,35,28.0
2025-06-22,APPLE-IPHONE-CASE,44,28.0
2025-06-23,APPLE-IPHONE-CASE,43,28.0
2025-06-24,APPLE-IPHONE-CASE,61,28.0
2025-06-25,APPLE-IPHONE-CASE,72,28.0
2025-06-26,APPLE-IPHONE-CASE,71,28.0
2025-06-27,APPLE-IPHONE-CASE,55,28.0
2025-06-28,APPLE-IPHONE-CASE,41,28.0
2025-06-29,APPLE-IPHONE-CASE,46,28.0
2025-01-01,NIKE-SOCKS-3PK,19,12.0
2025-01-02,NIKE-SOCKS-3PK,29,12.0
2025-01-03,NIKE-SOCKS-3PK,22,12.0
2025-01-04,NIKE-SOCKS-3PK,25,12.0
2025-01-05,NIKE-SOCKS-3PK,33,12.0
2025-01-06,NIKE-SOCKS-3PK,20,12.0
2025-01-07,NIKE-SOCKS-3PK,21,12.0
2025-01-08,NIKE-SOCKS-3PK,20,12.0
2025-01-09,NIKE-SOCKS-3PK,22,12.0
2025-01-10,NIKE-SOCKS-3PK,32,12.0
2025-01-11,NIKE-SOCKS-3PK,26,12.0
2025-01-12,NIKE-SOCKS-3PK,24,12.0
2025-01-13,NIKE-SOCKS-3PK,21,12.0
2025-01-14,NIKE-SOCKS-3PK,17,12.0
2025-01-15,NIKE-SOCKS-3PK,23,12.0
2025-01-16,NIKE-SOCKS-3PK,30,12.0
2025-01-17,NIKE-SOCKS-3PK,25,12.0
2025-01-18,NIKE-SOCKS-3PK,29,12.0
2025-01-19,NIKE-SOCKS-3PK,28,12.0
2025-01-20,NIKE-SOCKS-3PK,18,12.0
2025-01-21,NIKE-SOCKS-3PK,24,12.0
2025-01-22,NIKE-SOCKS-3PK,17,12.0
2025-01-23,NIKE-SOCKS-3PK,29,12.0
2025-01-24,NIKE-SOCKS-3PK,27,12.0
2025-01-25,NIKE-SOCKS-3PK,23,12.0
2025-01-26,NIKE-SOCKS-3PK,24,12.0
2025-01-27,NIKE-SOCKS-3PK,20,12.0
2025-01-28,NIKE-SOCKS-3PK,16,12.0
2025-01-29,NIKE-SOCKS-3PK,27,12.0
2025-01-30,NIKE-SOCKS-3PK,30,12.0
2025-01-31,NIKE-SOCKS-3PK,24,12.0
2025-02-01,NIKE-SOCKS-3PK,36,9.6
2025-02-02,NIKE-SOCKS-3PK,23,12.0
2025-02-03,NIKE-SOCKS-3PK,21,12.0
2025-02-04,NIKE-SOCKS-3PK,17,12.0
2025-02-05,NIKE-SOCKS-3PK,26,12.0
2025-02-06,NIKE-SOCKS-3PK,26,12.0
2025-02-07,NIKE-SOCKS-3PK,24,12.0
2025-02-08,NIKE-SOCKS-3PK,25,12.0
2025-02-09,NIKE-SOCKS-3PK,22,12.0
2025-02-10,NIKE-SOCKS-3PK,21,12.0
2025-02-11,NIKE-SOCKS-3PK,23,12.0
2025-02-12,NIKE-SOCKS-3PK,25,12.0
2025-02-13,NIKE-SOCKS-3PK,22,12.0
2025-02-14,NIKE-SOCKS-3PK,28,12.0
2025-02-15,NIKE-SOCKS-3PK,24,12.0
2025-02-16,NIKE-SOCKS-3PK,19,12.0
2025-02-17,NIKE-SOCKS-3PK,18,12.0
2025-02-18,NIKE-SOCKS-3PK,21,12.0
2025-02-19,NIKE-SOCKS-3PK,18,12.0
2025-02-20,NIKE-SOCKS-3PK,24,12.0
2025-02-21,NIKE-SOCKS-3PK,29,12.0
2025-02-22,NIKE-SOCKS-3PK,25,12.0
2025-02-23,NIKE-SOCKS-3PK,22,12.0
2025-02-24,NIKE-SOCKS-3PK,19,12.0
2025-02-25,NIKE-SOCKS-3PK,16,12.0
2025-02-26,NIKE-SOCKS-3PK,22,12.0
2025-02-27,NIKE-SOCKS-3PK,26,12.0
2025-02-28,NIKE-SOCKS-3PK,28,12.0
2025-03-01,NIKE-SOCKS-3PK,23,12.0
2025-03-02,NIKE-SOCKS-3PK,21,12.0
2025-03-03,NIKE-SOCKS-3PK,24,12.0
2025-03-04,NIKE-SOCKS-3PK,18,12.0
2025-03-05,NIKE-SOCKS-3PK,22,12.0
2025-03-06,NIKE-SOCKS-3PK,16,12.0
2025-03-07,NIKE-SOCKS-3PK,24,12.0
2025-03-08,NIKE-SOCKS-3PK,23,12.0
2025-03-09,NIKE-SOCKS-3PK,19,12.0
2025-03-10,NIKE-SOCKS-3PK,26,12.0
2025-03-11,NIKE-SOCKS-3PK,20,12.0
2025-03-12,NIKE-SOCKS-3PK,17,12.0
2025-03-13,NIKE-SOCKS-3PK,26,12.0
2025-03-14,NIKE-SOCKS-3PK,27,12.0
2025-03-15,NIKE-SOCKS-3PK,27,12.0
2025-03-16,NIKE-SOCKS-3PK,29,12.0
2025-03-17,NIKE-SOCKS-3PK,21,12.0
2025-03-18,NIKE-SOCKS-3PK,21,12.0
2025-03-19,NIKE-SOCKS-3PK,21,12.0
2025-03-20,NIKE-SOCKS-3PK,22,12.0
2025-03-21,NIKE-SOCKS-3PK,27,12.0
2025-03-22,NIKE-SOCKS-3PK,26,12.0
2025-03-23,NIKE-SOCKS-3PK,21,12.0
2025-03-24,NIKE-SOCKS-3PK,20,12.0
2025-03-25,NIKE-SOCKS-3PK,21,12.0
2025-03-26,NIKE-SOCKS-3PK,23,12.0
2025-03-27,NIKE-SOCKS-3PK,24,12.0
2025-03-28,NIKE-SOCKS-3PK,20,12.0
2025-03-29,NIKE-SOCKS-3PK,28,12.0
2025-03-30,NIKE-SOCKS-3PK,23,12.0
2025-03-31,NIKE-SOCKS-3PK,19,12.0
2025-04-01,NIKE-SOCKS-3PK,28,9.6
2025-04-02,NIKE-SOCKS-3PK,19,12.0
2025-04-03,NIKE-SOCKS-3PK,37,9.6
2025-04-04,NIKE-SOCKS-3PK,26,12.0
2025-04-05,NIKE-SOCKS-3PK,21,12.0
2025-04-06,NIKE-SOCKS-3PK,25,12.0
2025-04-07,NIKE-SOCKS-3PK,23,12.0
2025-04-08,NIKE-SOCKS-3PK,20,12.0
2025-04-09,NIKE-SOCKS-3PK,25,12.0
2025-04-10,NIKE-SOCKS-3PK,21,12.0
2025-04-11,NIKE-SOCKS-3PK,32,12.0
2025-04-12,NIKE-SOCKS-3PK,28,12.0
2025-04-13,NIKE-SOCKS-3PK,28,12.0
2025-04-14,NIKE-SOCKS-3PK,21,9.6
2025-04-15,NIKE-SOCKS-3PK,16,12.0
2025-04-16,NIKE-SOCKS-3PK,21,12.0
2025-04-17,NIKE-SOCKS-3PK,25,12.0
2025-04-18,NIKE-SOCKS-3PK,34,12.0
2025-04-19,NIKE-SOCKS-3PK,27,12.0
2025-04-20,NIKE-SOCKS-3PK,29,9.6
2025-04-21,NIKE-SOCKS-3PK,23,12.0
2025-04-22,NIKE-SOCKS-3PK,22,12.0
2025-04-23,NIKE-SOCKS-3PK,21,12.0
2025-04-24,NIKE-SOCKS-3PK,29,12.0
2025-04-25,NIKE-SOCKS-3PK,32,12.0
2025-04-26,NIKE-SOCKS-3PK,26,12.0
2025-04-27,NIKE-SOCKS-3PK,21,12.0
2025-04-28,NIKE-SOCKS-3PK,24,12.0
2025-04-29,NIKE-SOCKS-3PK,31,9.6
2025-04-30,NIKE-SOCKS-3PK,22,12.0
2025-05-01,NIKE-SOCKS-3PK,23,12.0
2025-05-02,NIKE-SOCKS-3PK,26,12.0
2025-05-03,NIKE-SOCKS-3PK,28,12.0
2025-05-04,NIKE-SOCKS-3PK,24,12.0
2025-05-05,NIKE-SOCKS-3PK,13,12.0
2025-05-06,NIKE-SOCKS-3PK,23,12.0
2025-05-07,NIKE-SOCKS-3PK,29,12.0
2025-05-08,NIKE-SOCKS-3PK,27,12.0
2025-05-09,NIKE-SOCKS-3PK,30,12.0
2025-05-10,NIKE-SOCKS-3PK,27,12.0
2025-05-11,NIKE-SOCKS-3PK,31,12.0
2025-05-12,NIKE-SOCKS-3PK,22,12.0
2025-05-13,NIKE-SOCKS-3PK,26,12.0
2025-05-14,NIKE-SOCKS-3PK,28,12.0
2025-05-15,NIKE-SOCKS-3PK,25,12.0
2025-05-16,NIKE-SOCKS-3PK,42,9.6
2025-05-17,NIKE-SOCKS-3PK,21,12.0
2025-05-18,NIKE-SOCKS-3PK,25,12.0
2025-05-19,NIKE-SOCKS-3PK,17,12.0
2025-05-20,NIKE-SOCKS-3PK,23,12.0
2025-05-21,NIKE-SOCKS-3PK,21,12.0
2025-05-22,NIKE-SOCKS-3PK,25,12.0
2025-05-23,NIKE-SOCKS-3PK,24,12.0
2025-05-24,NIKE-SOCKS-3PK,28,12.0
2025-05-25,NIKE-SOCKS-3PK,27,12.0
2025-05-26,NIKE-SOCKS-3PK,19,12.0
2025-05-27,NIKE-SOCKS-3PK,20,12.0
2025-05-28,NIKE-SOCKS-3PK,24,12.0
2025-05-29,NIKE-SOCKS-3PK,24,12.0
2025-05-30,NIKE-SOCKS-3PK,32,12.0
2025-05-31,NIKE-SOCKS-3PK,34,12.0
2025-06-01,NIKE-SOCKS-3PK,35,9.6
2025-06-02,NIKE-SOCKS-3PK,21,12.0
2025-06-03,NIKE-SOCKS-3PK,22,12.0
2025-06-04,NIKE-SOCKS-3PK,20,12.0
2025-06-05,NIKE-SOCKS-3PK,21,12.0
2025-06-06,NIKE-SOCKS-3PK,25,12.0
2025-06-07,NIKE-SOCKS-3PK,27,12.0
2025-06-08,NIKE-SOCKS-3PK,23,12.0
2025-06-09,NIKE-SOCKS-3PK,19,12.0
2025-06-10,NIKE-SOCKS-3PK,18,12.0
2025-06-11,NIKE-SOCKS-3PK,23,12.0
2025-06-12,NIKE-SOCKS-3PK,25,12.0
2025-06-13,NIKE-SOCKS-3PK,30,12.0
2025-06-14,NIKE-SOCKS-3PK,23,12.0
2025-06-15,NIKE-SOCKS-3PK,33,12.0
2025-06-16,NIKE-SOCKS-3PK,21,12.0
2025-06-17,NIKE-SOCKS-3PK,28,12.0
2025-06-18,NIKE-SOCKS-3PK,22,12.0
2025-06-19,NIKE-SOCKS-3PK,28,12.0
2025-06-20,NIKE-SOCKS-3PK,26,12.0
2025-06-21,NIKE-SOCKS-3PK,33,12.0
2025-06-22,NIKE-SOCKS-3PK,26,12.0
2025-06-23,NIKE-SOCKS-3PK,19,12.0
2025-06-24,NIKE-SOCKS-3PK,20,12.0
2025-06-25,NIKE-SOCKS-3PK,35,9.6
2025-06-26,NIKE-SOCKS-3PK,20,12.0
2025-06-27,NIKE-SOCKS-3PK,25,12.0
2025-06-28,NIKE-SOCKS-3PK,24,12.0
2025-06-29,NIKE-SOCKS-3PK,16,12.0
2025-01-01,LEGO-CITY-60321,29,60.0
2025-01-02,LEGO-CITY-60321,36,60.0
2025-01-03,LEGO-CITY-60321,45,60.0
2025-01-04,LEGO-CITY-60321,45,60.0
2025-01-05,LEGO-CITY-60321,40,60.0
2025-01-06,LEGO-CITY-60321,33,60.0
2025-01-07,LEGO-CITY-60321,32,60.0
2025-01-08,LEGO-CITY-60321,43,48.0
2025-01-09,LEGO-CITY-60321,50,60.0
2025-01-10,LEGO-CITY-60321,51,60.0
2025-01-11,LEGO-CITY-60321,40,60.0
2025-01-12,LEGO-CITY-60321,39,60.0
2025-01-13,LEGO-CITY-60321,34,60.0
2025-01-14,LEGO-CITY-60321,32,60.0
2025-01-15,LEGO-CITY-60321,33,60.0
2025-01-16,LEGO-CITY-60321,52,60.0
2025-01-17,LEGO-CITY-60321,43,60.0
2025-01-18,LEGO-CITY-60321,46,60.0
2025-01-19,LEGO-CITY-60321,38,60.0
2025-01-20,LEGO-CITY-60321,36,60.0
2025-01-21,LEGO-CITY-60321,40,60.0
2025-01-22,LEGO-CITY-60321,38,60.0
2025-01-23,LEGO-CITY-60321,49,60.0
2025-01-24,LEGO-CITY-60321,41,60.0
2025-01-25,LEGO-CITY-60321,46,60.0
2025-01-26,LEGO-CITY-60321,45,60.0
2025-01-27,LEGO-CITY-60321,38,60.0
2025-01-28,LEGO-CITY-60321,31,60.0
2025-01-29,LEGO-CITY-60321,33,60.0
2025-01-30,LEGO-CITY-60321,40,60.0
2025-01-31,LEGO-CITY-60321,41,60.0
2025-02-01,LEGO-CITY-60321,45,60.0
2025-02-02,LEGO-CITY-60321,38,60.0
2025-02-03,LEGO-CITY-60321,32,60.0
2025-02-04,LEGO-CITY-60321,29,60.0
2025-02-05,LEGO-CITY-60321,35,60.0
2025-02-06,LEGO-CITY-60321,42,60.0
2025-02-07,LEGO-CITY-60321,48,60.0
2025-02-08,LEGO-CITY-60321,45,60.0
2025-02-09,LEGO-CITY-60321,42,60.0
2025-02-10,LEGO-CITY-60321,40,60.0
2025-02-11,LEGO-CITY-60321,36,60.0
2025-02-12,LEGO-CITY-60321,31,60.0
2025-02-13,LEGO-CITY-60321,41,60.0
2025-02-14,LEGO-CITY-60321,38,60.0
2025-02-15,LEGO-CITY-60321,44,60.0
2025-02-16,LEGO-CITY-60321,32,60.0
2025-02-17,LEGO-CITY-60321,35,60.0
2025-02-18,LEGO-CITY-60321,35,60.0
2025-02-19,LEGO-CITY-60321,55,48.0
2025-02-20,LEGO-CITY-60321,42,60.0
2025-02-21,LEGO-CITY-60321,57,60.0
2025-02-22,LEGO-CITY-60321,41,60.0
2025-02-23,LEGO-CITY-60321,43,60.0
2025-02-24,LEGO-CITY-60321,33,60.0
2025-02-25,LEGO-CITY-60321,30,60.0
2025-02-26,LEGO-CITY-60321,35,60.0
2025-02-27,LEGO-CITY-60321,35,60.0
2025-02-28,LEGO-CITY-60321,45,60.0
2025-03-01,LEGO-CITY-60321,35,60.0
2025-03-02,LEGO-CITY-60321,43,60.0
2025-03-03,LEGO-CITY-60321,35,60.0
2025-03-04,LEGO-CITY-60321,51,48.0
2025-03-05,LEGO-CITY-60321,32,60.0
2025-03-06,LEGO-CITY-60321,49,60.0
2025-03-07,LEGO-CITY-60321,69,48.0
2025-03-08,LEGO-CITY-60321,48,60.0
2025-03-09,LEGO-CITY-60321,38,60.0
2025-03-10,LEGO-CITY-60321,38,60.0
2025-03-11,LEGO-CITY-60321,34,60.0
2025-03-12,LEGO-CITY-60321,43,60.0
2025-03-13,LEGO-CITY-60321,50,48.0
2025-03-14,LEGO-CITY-60321,63,48.0
2025-03-15,LEGO-CITY-60321,50,60.0
2025-03-16,LEGO-CITY-60321,43,60.0
2025-03-17,LEGO-CITY-60321,39,60.0
2025-03-18,LEGO-CITY-60321,38,60.0
2025-03-19,LEGO-CITY-60321,38,60.0
2025-03-20,LEGO-CITY-60321,38,60.0
2025-03-21,LEGO-CITY-60321,47,60.0
2025-03-22,LEGO-CITY-60321,42,60.0
2025-03-23,LEGO-CITY-60321,38,60.0
2025-03-24,LEGO-CITY-60321,49,48.0
2025-03-25,LEGO-CITY-60321,34,60.0
2025-03-26,LEGO-CITY-60321,33,60.0
2025-03-27,LEGO-CITY-60321,45,60.0
2025-03-28,LEGO-CITY-60321,46,60.0
2025-03-29,LEGO-CITY-60321,49,60.0
2025-03-30,LEGO-CITY-60321,48,60.0
2025-03-31,LEGO-CITY-60321,38,60.0
2025-04-01,LEGO-CITY-60321,35,60.0
2025-04-02,LEGO-CITY-60321,32,60.0
2025-04-03,LEGO-CITY-60321,42,60.0
2025-04-04,LEGO-CITY-60321,46,60.0
2025-04-05,LEGO-CITY-60321,45,60.0
2025-04-06,LEGO-CITY-60321,40,60.0
2025-04-07,LEGO-CITY-60321,33,60.0
2025-04-08,LEGO-CITY-60321,38,60.0
2025-04-09,LEGO-CITY-60321,53,48.0
2025-04-10,LEGO-CITY-60321,47,60.0
2025-04-11,LEGO-CITY-60321,42,60.0
2025-04-12,LEGO-CITY-60321,45,60.0
2025-04-13,LEGO-CITY-60321,45,60.0
2025-04-14,LEGO-CITY-60321,40,60.0
2025-04-15,LEGO-CITY-60321,30,60.0
2025-04-16,LEGO-CITY-60321,37,60.0
2025-04-17,LEGO-CITY-60321,41,60.0
2025-04-18,LEGO-CITY-60321,51,60.0
2025-04-19,LEGO-CITY-60321,46,60.0
2025-04-20,LEGO-CITY-60321,37,60.0
2025-04-21,LEGO-CITY-60321,49,48.0
2025-04-22,LEGO-CITY-60321,46,48.0
2025-04-23,LEGO-CITY-60321,38,60.0
2025-04-24,LEGO-CITY-60321,40,60.0
2025-04-25,LEGO-CITY-60321,46,60.0
2025-04-26,LEGO-CITY-60321,49,60.0
2025-04-27,LEGO-CITY-60321,49,60.0
2025-04-28,LEGO-CITY-60321,39,60.0
2025-04-29,LEGO-CITY-60321,42,60.0
2025-04-30,LEGO-CITY-60321,29,60.0
2025-05-01,LEGO-CITY-60321,45,60.0
2025-05-02,LEGO-CITY-60321,49,60.0
2025-05-03,LEGO-CITY-60321,46,60.0
2025-05-04,LEGO-CITY-60321,39,60.0
2025-05-05,LEGO-CITY-60321,26,60.0
2025-05-06,LEGO-CITY-60321,30,60.0
2025-05-07,LEGO-CITY-60321,37,60.0
2025-05-08,LEGO-CITY-60321,44,60.0
2025-05-09,LEGO-CITY-60321,41,60.0
2025-05-10,LEGO-CITY-60321,44,60.0
2025-05-11,LEGO-CITY-60321,39,60.0
2025-05-12,LEGO-CITY-60321,35,60.0
2025-05-13,LEGO-CITY-60321,35,60.0
2025-05-14,LEGO-CITY-60321,40,60.0
2025-05-15,LEGO-CITY-60321,41,60.0
2025-05-16,LEGO-CITY-60321,62,48.0
2025-05-17,LEGO-CITY-60321,40,60.0
2025-05-18,LEGO-CITY-60321,38,60.0
2025-05-19,LEGO-CITY-60321,32,60.0
2025-05-20,LEGO-CITY-60321,36,60.0
2025-05-21,LEGO-CITY-60321,47,60.0
2025-05-22,LEGO-CITY-60321,51,60.0
2025-05-23,LEGO-CITY-60321,42,60.0
2025-05-24,LEGO-CITY-60321,46,60.0
2025-05-25,LEGO-CITY-60321,40,60.0
2025-05-26,LEGO-CITY-60321,28,60.0
2025-05-27,LEGO-CITY-60321,26,60.0
2025-05-28,LEGO-CITY-60321,49,48.0
2025-05-29,LEGO-CITY-60321,42,60.0
2025-05-30,LEGO-CITY-60321,39,60.0
2025-05-31,LEGO-CITY-60321,39,60.0
2025-06-01,LEGO-CITY-60321,35,60.0
2025-06-02,LEGO-CITY-60321,31,60.0
2025-06-03,LEGO-CITY-60321,29,60.0
2025-06-04,LEGO-CITY-60321,37,60.0
2025-06-05,LEGO-CITY-60321,45,60.0
2025-06-06,LEGO-CITY-60321,46,60.0
2025-06-07,LEGO-CITY-60321,40,60.0
2025-06-08,LEGO-CITY-60321,39,60.0
2025-06-09,LEGO-CITY-60321,35,60.0
2025-06-10,LEGO-CITY-60321,27,60.0
2025-06-11,LEGO-CITY-60321,42,60.0
2025-06-12,LEGO-CITY-60321,39,60.0
2025-06-13,LEGO-CITY-60321,39,60.0
2025-06-14,LEGO-CITY-60321,55,60.0
2025-06-15,LEGO-CITY-60321,35,60.0
2025-06-16,LEGO-CITY-60321,34,60.0
2025-06-17,LEGO-CITY-60321,32,60.0
2025-06-18,LEGO-CITY-60321,42,60.0
2025-06-19,LEGO-CITY-60321,41,60.0
2025-06-20,LEGO-CITY-60321,38,60.0
2025-06-21,LEGO-CITY-60321,34,60.0
2025-06-22,LEGO-CITY-60321,52,48.0
2025-06-23,LEGO-CITY-60321,44,60.0
2025-06-24,LEGO-CITY-60321,30,60.0
2025-06-25,LEGO-CITY-60321,43,60.0
2025-06-26,LEGO-CITY-60321,38,60.0
2025-06-27,LEGO-CITY-60321,55,48.0
2025-06-28,LEGO-CITY-60321,33,60.0
2025-06-29,LEGO-CITY-60321,39,60.0
2025-01-01,CADBURY-DAIRY-MILK,17,4.0
2025-01-02,CADBURY-DAIRY-MILK,28,4.0
2025-01-03,CADBURY-DAIRY-MILK,39,4.0
2025-01-04,CADBURY-DAIRY-MILK,37,4.0
2025-01-05,CADBURY-DAIRY-MILK,37,4.0
2025-01-06,CADBURY-DAIRY-MILK,47,3.2
2025-01-07,CADBURY-DAIRY-MILK,17,4.0
2025-01-08,CADBURY-DAIRY-MILK,32,4.0
2025-01-09,CADBURY-DAIRY-MILK,26,4.0
2025-01-10,CADBURY-DAIRY-MILK,37,4.0
2025-01-11,CADBURY-DAIRY-MILK,39,4.0
2025-01-12,CADBURY-DAIRY-MILK,38,4.0
2025-01-13,CADBURY-DAIRY-MILK,26,4.0
2025-01-14,CADBURY-DAIRY-MILK,22,4.0
2025-01-15,CADBURY-DAIRY-MILK,23,4.0
2025-01-16,CADBURY-DAIRY-MILK,32,4.0
2025-01-17,CADBURY-DAIRY-MILK,40,4.0
2025-01-18,CADBURY-DAIRY-MILK,40,4.0
2025-01-19,CADBURY-DAIRY-MILK,38,4.0
2025-01-20,CADBURY-DAIRY-MILK,32,4.0
2025-01-21,CADBURY-DAIRY-MILK,20,4.0
2025-01-22,CADBURY-DAIRY-MILK,31,3.2
2025-01-23,CADBURY-DAIRY-MILK,28,4.0
2025-01-24,CADBURY-DAIRY-MILK,35,4.0
2025-01-25,CADBURY-DAIRY-MILK,37,4.0
2025-01-26,CADBURY-DAIRY-MILK,35,4.0
2025-01-27,CADBURY-DAIRY-MILK,30,4.0
2025-01-28,CADBURY-DAIRY-MILK,20,4.0
2025-01-29,CADBURY-DAIRY-MILK,25,4.0
2025-01-30,CADBURY-DAIRY-MILK,29,4.0
2025-01-31,CADBURY-DAIRY-MILK,49,4.0
2025-02-01,CADBURY-DAIRY-MILK,41,4.0
2025-02-02,CADBURY-DAIRY-MILK,38,4.0
2025-02-03,CADBURY-DAIRY-MILK,24,4.0
2025-02-04,CADBURY-DAIRY-MILK,19,4.0
2025-02-05,CADBURY-DAIRY-MILK,24,4.0
2025-02-06,CADBURY-DAIRY-MILK,28,4.0
2025-02-07,CADBURY-DAIRY-MILK,38,4.0
2025-02-08,CADBURY-DAIRY-MILK,45,4.0
2025-02-09,CADBURY-DAIRY-MILK,32,4.0
2025-02-10,CADBURY-DAIRY-MILK,24,4.0
2025-02-11,CADBURY-DAIRY-MILK,22,4.0
2025-02-12,CADBURY-DAIRY-MILK,23,4.0
2025-02-13,CADBURY-DAIRY-MILK,33,4.0
2025-02-14,CADBURY-DAIRY-MILK,37,4.0
2025-02-15,CADBURY-DAIRY-MILK,35,4.0
2025-02-16,CADBURY-DAIRY-MILK,26,4.0
2025-02-17,CADBURY-DAIRY-MILK,28,4.0
2025-02-18,CADBURY-DAIRY-MILK,20,4.0
2025-02-19,CADBURY-DAIRY-MILK,24,4.0
2025-02-20,CADBURY-DAIRY-MILK,24,4.0
2025-02-21,CADBURY-DAIRY-MILK,35,4.0
2025-02-22,CADBURY-DAIRY-MILK,41,4.0
2025-02-23,CADBURY-DAIRY-MILK,39,4.0
2025-02-24,CADBURY-DAIRY-MILK,31,4.0
2025-02-25,CADBURY-DAIRY-MILK,26,4.0
2025-02-26,CADBURY-DAIRY-MILK,23,4.0
2025-02-27,CADBURY-DAIRY-MILK,34,4.0
2025-02-28,CADBURY-DAIRY-MILK,39,4.0
2025-03-01,CADBURY-DAIRY-MILK,39,4.0
2025-03-02,CADBURY-DAIRY-MILK,33,4.0
2025-03-03,CADBURY-DAIRY-MILK,24,4.0
2025-03-04,CADBURY-DAIRY-MILK,25,4.0
2025-03-05,CADBURY-DAIRY-MILK,24,4.0
2025-03-06,CADBURY-DAIRY-MILK,28,4.0
2025-03-07,CADBURY-DAIRY-MILK,37,4.0
2025-03-08,CADBURY-DAIRY-MILK,48,4.0
2025-03-09,CADBURY-DAIRY-MILK,29,4.0
2025-03-10,CADBURY-DAIRY-MILK,22,4.0
2025-03-11,CADBURY-DAIRY-MILK,36,3.2
2025-03-12,CADBURY-DAIRY-MILK,19,4.0
2025-03-13,CADBURY-DAIRY-MILK,36,4.0
2025-03-14,CADBURY-DAIRY-MILK,36,4.0
2025-03-15,CADBURY-DAIRY-MILK,42,4.0
2025-03-16,CADBURY-DAIRY-MILK,40,4.0
2025-03-17,CADBURY-DAIRY-MILK,32,4.0
2025-03-18,CADBURY-DAIRY-MILK,25,4.0
2025-03-19,CADBURY-DAIRY-MILK,24,4.0
2025-03-20,CADBURY-DAIRY-MILK,30,4.0
2025-03-21,CADBURY-DAIRY-MILK,37,4.0
2025-03-22,CADBURY-DAIRY-MILK,47,4.0
2025-03-23,CADBURY-DAIRY-MILK,36,4.0
2025-03-24,CADBURY-DAIRY-MILK,31,4.0
2025-03-25,CADBURY-DAIRY-MILK,14,4.0
2025-03-26,CADBURY-DAIRY-MILK,22,4.0
2025-03-27,CADBURY-DAIRY-MILK,32,4.0
2025-03-28,CADBURY-DAIRY-MILK,36,4.0
2025-03-29,CADBURY-DAIRY-MILK,49,4.0
2025-03-30,CADBURY-DAIRY-MILK,30,4.0
2025-03-31,CADBURY-DAIRY-MILK,29,4.0
2025-04-01,CADBURY-DAIRY-MILK,25,4.0
2025-04-02,CADBURY-DAIRY-MILK,21,4.0
2025-04-03,CADBURY-DAIRY-MILK,34,4.0
2025-04-04,CADBURY-DAIRY-MILK,40,4.0
2025-04-05,CADBURY-DAIRY-MILK,53,4.0
2025-04-06,CADBURY-DAIRY-MILK,41,4.0
2025-04-07,CADBURY-DAIRY-MILK,27,4.0
2025-04-08,CADBURY-DAIRY-MILK,25,4.0
2025-04-09,CADBURY-DAIRY-MILK,25,4.0
2025-04-10,CADBURY-DAIRY-MILK,29,4.0
2025-04-11,CADBURY-DAIRY-MILK,41,4.0
2025-04-12,CADBURY-DAIRY-MILK,42,4.0
2025-04-13,CADBURY-DAIRY-MILK,42,4.0
2025-04-14,CADBURY-DAIRY-MILK,22,4.0
2025-04-15,CADBURY-DAIRY-MILK,18,4.0
2025-04-16,CADBURY-DAIRY-MILK,21,4.0
2025-04-17,CADBURY-DAIRY-MILK,34,4.0
2025-04-18,CADBURY-DAIRY-MILK,43,4.0
2025-04-19,CADBURY-DAIRY-MILK,40,4.0
2025-04-20,CADBURY-DAIRY-MILK,36,4.0
2025-04-21,CADBURY-DAIRY-MILK,27,4.0
2025-04-22,CADBURY-DAIRY-MILK,17,4.0
2025-04-23,CADBURY-DAIRY-MILK,21,4.0
2025-04-24,CADBURY-DAIRY-MILK,35,4.0
2025-04-25,CADBURY-DAIRY-MILK,42,4.0
2025-04-26,CADBURY-DAIRY-MILK,45,4.0
2025-04-27,CADBURY-DAIRY-MILK,38,4.0
2025-04-28,CADBURY-DAIRY-MILK,27,3.2
2025-04-29,CADBURY-DAIRY-MILK,23,4.0
2025-04-30,CADBURY-DAIRY-MILK,25,4.0
2025-05-01,CADBURY-DAIRY-MILK,26,4.0
2025-05-02,CADBURY-DAIRY-MILK,46,4.0
2025-05-03,CADBURY-DAIRY-MILK,40,4.0
2025-05-04,CADBURY-DAIRY-MILK,39,4.0
2025-05-05,CADBURY-DAIRY-MILK,30,4.0
2025-05-06,CADBURY-DAIRY-MILK,24,4.0
2025-05-07,CADBURY-DAIRY-MILK,29,4.0
2025-05-08,CADBURY-DAIRY-MILK,30,4.0
2025-05-09,CADBURY-DAIRY-MILK,42,4.0
2025-05-10,CADBURY-DAIRY-MILK,42,4.0
2025-05-11,CADBURY-DAIRY-MILK,30,4.0
2025-05-12,CADBURY-DAIRY-MILK,25,4.0
2025-05-13,CADBURY-DAIRY-MILK,18,4.0
2025-05-14,CADBURY-DAIRY-MILK,18,4.0
2025-05-15,CADBURY-DAIRY-MILK,25,4.0
2025-05-16,CADBURY-DAIRY-MILK,40,4.0
2025-05-17,CADBURY-DAIRY-MILK,34,4.0
2025-05-18,CADBURY-DAIRY-MILK,39,4.0
2025-05-19,CADBURY-DAIRY-MILK,26,4.0
2025-05-20,CADBURY-DAIRY-MILK,21,4.0
2025-05-21,CADBURY-DAIRY-MILK,20,4.0
2025-05-22,CADBURY-DAIRY-MILK,33,4.0
2025-05-23,CADBURY-DAIRY-MILK,34,4.0
2025-05-24,CADBURY-DAIRY-MILK,43,4.0
2025-05-25,CADBURY-DAIRY-MILK,38,4.0
2025-05-26,CADBURY-DAIRY-MILK,21,4.0
2025-05-27,CADBURY-DAIRY-MILK,24,4.0
2025-05-28,CADBURY-DAIRY-MILK,17,4.0
2025-05-29,CADBURY-DAIRY-MILK,34,4.0
2025-05-30,CADBURY-DAIRY-MILK,29,4.0
2025-05-31,CADBURY-DAIRY-MILK,36,4.0
2025-06-01,CADBURY-DAIRY-MILK,41,4.0
2025-06-02,CADBURY-DAIRY-MILK,28,4.0
2025-06-03,CADBURY-DAIRY-MILK,25,4.0
2025-06-04,CADBURY-DAIRY-MILK,15,4.0
2025-06-05,CADBURY-DAIRY-MILK,34,4.0
2025-06-06,CADBURY-DAIRY-MILK,35,4.0
2025-06-07,CADBURY-DAIRY-MILK,48,4.0
2025-06-08,CADBURY-DAIRY-MILK,36,4.0
2025-06-09,CADBURY-DAIRY-MILK,27,4.0
2025-06-10,CADBURY-DAIRY-MILK,17,4.0
2025-06-11,CADBURY-DAIRY-MILK,21,4.0
2025-06-12,CADBURY-DAIRY-MILK,31,4.0
2025-06-13,CADBURY-DAIRY-MILK,44,4.0
2025-06-14,CADBURY-DAIRY-MILK,46,4.0
2025-06-15,CADBURY-DAIRY-MILK,34,4.0
2025-06-16,CADBURY-DAIRY-MILK,23,4.0
2025-06-17,CADBURY-DAIRY-MILK,18,4.0
2025-06-18,CADBURY-DAIRY-MILK,30,4.0
2025-06-19,CADBURY-DAIRY-MILK,32,4.0
2025-06-20,CADBURY-DAIRY-MILK,34,4.0
2025-06-21,CADBURY-DAIRY-MILK,47,4.0
2025-06-22,CADBURY-DAIRY-MILK,38,4.0
2025-06-23,CADBURY-DAIRY-MILK,30,4.0
2025-06-24,CADBURY-DAIRY-MILK,25,4.0
2025-06-25,CADBURY-DAIRY-MILK,25,4.0
2025-06-26,CADBURY-DAIRY-MILK,29,4.0
2025-06-27,CADBURY-DAIRY-MILK,31,4.0
2025-06-28,CADBURY-DAIRY-MILK,34,4.0
2025-06-29,CADBURY-DAIRY-MILK,45,3.2
2025-01-01,SAMSUNG-USB-C,31,18.0
2025-01-02,SAMSUNG-USB-C,25,18.0
2025-01-03,SAMSUNG-USB-C,26,18.0
2025-01-04,SAMSUNG-USB-C,31,18.0
2025-01-05,SAMSUNG-USB-C,22,18.0
2025-01-06,SAMSUNG-USB-C,44,18.0
2025-01-07,SAMSUNG-USB-C,36,18.0
2025-01-08,SAMSUNG-USB-C,29,18.0
2025-01-09,SAMSUNG-USB-C,20,18.0
2025-01-10,SAMSUNG-USB-C,22,18.0
2025-01-11,SAMSUNG-USB-C,26,18.0
2025-01-12,SAMSUNG-USB-C,31,18.0
2025-01-13,SAMSUNG-USB-C,30,18.0
2025-01-14,SAMSUNG-USB-C,41,18.0
2025-01-15,SAMSUNG-USB-C,31,18.0
2025-01-16,SAMSUNG-USB-C,19,18.0
2025-01-17,SAMSUNG-USB-C,19,18.0
2025-01-18,SAMSUNG-USB-C,29,18.0
2025-01-19,SAMSUNG-USB-C,31,18.0
2025-01-20,SAMSUNG-USB-C,39,18.0
2025-01-21,SAMSUNG-USB-C,40,18.0
2025-01-22,SAMSUNG-USB-C,32,18.0
2025-01-23,SAMSUNG-USB-C,30,14.4
2025-01-24,SAMSUNG-USB-C,18,18.0
2025-01-25,SAMSUNG-USB-C,25,18.0
2025-01-26,SAMSUNG-USB-C,37,18.0
2025-01-27,SAMSUNG-USB-C,37,18.0
2025-01-28,SAMSUNG-USB-C,43,18.0
2025-01-29,SAMSUNG-USB-C,35,18.0
2025-01-30,SAMSUNG-USB-C,27,18.0
2025-01-31,SAMSUNG-USB-C,23,18.0
2025-02-01,SAMSUNG-USB-C,22,18.0
2025-02-02,SAMSUNG-USB-C,41,18.0
2025-02-03,SAMSUNG-USB-C,41,18.0
2025-02-04,SAMSUNG-USB-C,33,18.0
2025-02-05,SAMSUNG-USB-C,36,14.4
2025-02-06,SAMSUNG-USB-C,20,18.0
2025-02-07,SAMSUNG-USB-C,22,18.0
2025-02-08,SAMSUNG-USB-C,21,18.0
2025-02-09,SAMSUNG-USB-C,39,18.0
2025-02-10,SAMSUNG-USB-C,37,18.0
2025-02-11,SAMSUNG-USB-C,38,18.0
2025-02-12,SAMSUNG-USB-C,22,18.0
2025-02-13,SAMSUNG-USB-C,32,18.0
2025-02-14,SAMSUNG-USB-C,24,18.0
2025-02-15,SAMSUNG-USB-C,26,18.0
2025-02-16,SAMSUNG-USB-C,29,18.0
2025-02-17,SAMSUNG-USB-C,45,18.0
2025-02-18,SAMSUNG-USB-C,34,18.0
2025-02-19,SAMSUNG-USB-C,27,18.0
2025-02-20,SAMSUNG-USB-C,19,18.0
2025-02-21,SAMSUNG-USB-C,17,18.0
2025-02-22,SAMSUNG-USB-C,26,18.0
2025-02-23,SAMSUNG-USB-C,34,18.0
2025-02-24,SAMSUNG-USB-C,36,18.0
2025-02-25,SAMSUNG-USB-C,31,18.0
2025-02-26,SAMSUNG-USB-C,35,18.0
2025-02-27,SAMSUNG-USB-C,38,14.4
2025-02-28,SAMSUNG-USB-C,18,18.0
2025-03-01,SAMSUNG-USB-C,31,18.0
2025-03-02,SAMSUNG-USB-C,34,18.0
2025-03-03,SAMSUNG-USB-C,38,18.0
2025-03-04,SAMSUNG-USB-C,45,18.0
2025-03-05,SAMSUNG-USB-C,36,18.0
2025-03-06,SAMSUNG-USB-C,21,18.0
2025-03-07,SAMSUNG-USB-C,23,18.0
2025-03-08,SAMSUNG-USB-C,24,18.0
2025-03-09,SAMSUNG-USB-C,27,18.0
2025-03-10,SAMSUNG-USB-C,42,18.0
2025-03-11,SAMSUNG-USB-C,38,18.0
2025-03-12,SAMSUNG-USB-C,32,18.0
2025-03-13,SAMSUNG-USB-C,30,18.0
2025-03-14,SAMSUNG-USB-C,20,18.0
2025-03-15,SAMSUNG-USB-C,28,18.0
2025-03-16,SAMSUNG-USB-C,35,18.0
2025-03-17,SAMSUNG-USB-C,30,18.0
2025-03-18,SAMSUNG-USB-C,35,18.0
2025-03-19,SAMSUNG-USB-C,23,18.0
2025-03-20,SAMSUNG-USB-C,22,18.0
2025-03-21,SAMSUNG-USB-C,18,18.0
2025-03-22,SAMSUNG-USB-C,32,14.4
2025-03-23,SAMSUNG-USB-C,40,18.0
2025-03-24,SAMSUNG-USB-C,36,18.0
2025-03-25,SAMSUNG-USB-C,35,18.0
2025-03-26,SAMSUNG-USB-C,30,18.0
2025-03-27,SAMSUNG-USB-C,15,18.0
2025-03-28,SAMSUNG-USB-C,18,18.0
2025-03-29,SAMSUNG-USB-C,24,18.0
2025-03-30,SAMSUNG-USB-C,36,18.0
2025-03-31,SAMSUNG-USB-C,39,18.0
2025-04-01,SAMSUNG-USB-C,33,18.0
2025-04-02,SAMSUNG-USB-C,36,18.0
2025-04-03,SAMSUNG-USB-C,21,18.0
2025-04-04,SAMSUNG-USB-C,27,14.4
2025-04-05,SAMSUNG-USB-C,28,18.0
2025-04-06,SAMSUNG-USB-C,31,18.0
2025-04-07,SAMSUNG-USB-C,44,18.0
2025-04-08,SAMSUNG-USB-C,52,14.4
2025-04-09,SAMSUNG-USB-C,26,18.0
2025-04-10,SAMSUNG-USB-C,30,18.0
2025-04-11,SAMSUNG-USB-C,20,18.0
2025-04-12,SAMSUNG-USB-C,26,18.0
2025-04-13,SAMSUNG-USB-C,35,18.0
2025-04-14,SAMSUNG-USB-C,40,18.0
2025-04-15,SAMSUNG-USB-C,38,18.0
2025-04-16,SAMSUNG-USB-C,24,18.0
2025-04-17,SAMSUNG-USB-C,32,14.4
2025-04-18,SAMSUNG-USB-C,15,18.0
2025-04-19,SAMSUNG-USB-C,25,18.0
2025-04-20,SAMSUNG-USB-C,34,18.0
2025-04-21,SAMSUNG-USB-C,41,18.0
2025-04-22,SAMSUNG-USB-C,33,18.0
2025-04-23,SAMSUNG-USB-C,30,18.0
2025-04-24,SAMSUNG-USB-C,21,18.0
2025-04-25,SAMSUNG-USB-C,22,18.0
2025-04-26,SAMSUNG-USB-C,23,18.0
2025-04-27,SAMSUNG-USB-C,38,18.0
2025-04-28,SAMSUNG-USB-C,43,18.0
2025-04-29,SAMSUNG-USB-C,29,18.0
2025-04-30,SAMSUNG-USB-C,28,18.0
2025-05-01,SAMSUNG-USB-C,21,18.0
2025-05-02,SAMSUNG-USB-C,15,18.0
2025-05-03,SAMSUNG-USB-C,22,18.0
2025-05-04,SAMSUNG-USB-C,33,18.0
2025-05-05,SAMSUNG-USB-C,33,18.0
2025-05-06,SAMSUNG-USB-C,37,18.0
2025-05-07,SAMSUNG-USB-C,32,18.0
2025-05-08,SAMSUNG-USB-C,20,18.0
2025-05-09,SAMSUNG-USB-C,23,18.0
2025-05-10,SAMSUNG-USB-C,32,18.0
2025-05-11,SAMSUNG-USB-C,32,18.0
2025-05-12,SAMSUNG-USB-C,44,18.0
2025-05-13,SAMSUNG-USB-C,41,18.0
2025-05-14,SAMSUNG-USB-C,34,18.0
2025-05-15,SAMSUNG-USB-C,23,18.0
2025-05-16,SAMSUNG-USB-C,22,18.0
2025-05-17,SAMSUNG-USB-C,24,18.0
2025-05-18,SAMSUNG-USB-C,38,18.0
2025-05-19,SAMSUNG-USB-C,42,18.0
2025-05-20,SAMSUNG-USB-C,38,18.0
2025-05-21,SAMSUNG-USB-C,29,18.0
2025-05-22,SAMSUNG-USB-C,21,18.0
2025-05-23,SAMSUNG-USB-C,21,14.4
2025-05-24,SAMSUNG-USB-C,25,18.0
2025-05-25,SAMSUNG-USB-C,27,18.0
2025-05-26,SAMSUNG-USB-C,38,18.0
2025-05-27,SAMSUNG-USB-C,33,18.0
2025-05-28,SAMSUNG-USB-C,38,18.0
2025-05-29,SAMSUNG-USB-C,21,18.0
2025-05-30,SAMSUNG-USB-C,19,18.0
2025-05-31,SAMSUNG-USB-C,34,18.0
2025-06-01,SAMSUNG-USB-C,28,18.0
2025-06-02,SAMSUNG-USB-C,44,18.0
2025-06-03,SAMSUNG-USB-C,42,18.0
2025-06-04,SAMSUNG-USB-C,29,18.0
2025-06-05,SAMSUNG-USB-C,18,18.0
2025-06-06,SAMSUNG-USB-C,20,18.0
2025-06-07,SAMSUNG-USB-C,28,18.0
2025-06-08,SAMSUNG-USB-C,38,18.0
2025-06-09,SAMSUNG-USB-C,42,18.0
2025-06-10,SAMSUNG-USB-C,39,18.0
2025-06-11,SAMSUNG-USB-C,28,18.0
2025-06-12,SAMSUNG-USB-C,27,18.0
2025-06-13,SAMSUNG-USB-C,18,18.0
2025-06-14,SAMSUNG-USB-C,25,18.0
2025-06-15,SAMSUNG-USB-C,36,18.0
2025-06-16,SAMSUNG-USB-C,43,18.0
2025-06-17,SAMSUNG-USB-C,39,18.0
2025-06-18,SAMSUNG-USB-C,32,18.0
2025-06-19,SAMSUNG-USB-C,21,18.0
2025-06-20,SAMSUNG-USB-C,25,18.0
2025-06-21,SAMSUNG-USB-C,20,18.0
2025-06-22,SAMSUNG-USB-C,32,18.0
2025-06-23,SAMSUNG-USB-C,34,18.0
2025-06-24,SAMSUNG-USB-C,33,18.0
2025-06-25,SAMSUNG-USB-C,32,18.0
2025-06-26,SAMSUNG-USB-C,26,18.0
2025-06-27,SAMSUNG-USB-C,19,18.0
2025-06-28,SAMSUNG-USB-C,27,18.0
2025-06-29,SAMSUNG-USB-C,43,18.0
2025-01-01,PENGUIN-NOTEBOOK-A5,25,6.0
2025-01-02,PENGUIN-NOTEBOOK-A5,27,6.0
2025-01-03,PENGUIN-NOTEBOOK-A5,29,6.0
2025-01-04,PENGUIN-NOTEBOOK-A5,40,6.0
2025-01-05,PENGUIN-NOTEBOOK-A5,51,6.0
2025-01-06,PENGUIN-NOTEBOOK-A5,33,6.0
2025-01-07,PENGUIN-NOTEBOOK-A5,23,6.0
2025-01-08,PENGUIN-NOTEBOOK-A5,26,6.0
2025-01-09,PENGUIN-NOTEBOOK-A5,30,4.8
2025-01-10,PENGUIN-NOTEBOOK-A5,31,6.0
2025-01-11,PENGUIN-NOTEBOOK-A5,41,6.0
2025-01-12,PENGUIN-NOTEBOOK-A5,39,6.0
2025-01-13,PENGUIN-NOTEBOOK-A5,35,6.0
2025-01-14,PENGUIN-NOTEBOOK-A5,23,6.0
2025-01-15,PENGUIN-NOTEBOOK-A5,22,6.0
2025-01-16,PENGUIN-NOTEBOOK-A5,19,6.0
2025-01-17,PENGUIN-NOTEBOOK-A5,32,6.0
2025-01-18,PENGUIN-NOTEBOOK-A5,39,6.0
2025-01-19,PENGUIN-NOTEBOOK-A5,46,6.0
2025-01-20,PENGUIN-NOTEBOOK-A5,35,6.0
2025-01-21,PENGUIN-NOTEBOOK-A5,32,6.0
2025-01-22,PENGUIN-NOTEBOOK-A5,26,6.0
2025-01-23,PENGUIN-NOTEBOOK-A5,28,6.0
2025-01-24,PENGUIN-NOTEBOOK-A5,34,6.0
2025-01-25,PENGUIN-NOTEBOOK-A5,41,6.0
2025-01-26,PENGUIN-NOTEBOOK-A5,42,6.0
2025-01-27,PENGUIN-NOTEBOOK-A5,34,6.0
2025-01-28,PENGUIN-NOTEBOOK-A5,28,6.0
2025-01-29,PENGUIN-NOTEBOOK-A5,22,6.0
2025-01-30,PENGUIN-NOTEBOOK-A5,31,6.0
2025-01-31,PENGUIN-NOTEBOOK-A5,26,6.0
2025-02-01,PENGUIN-NOTEBOOK-A5,38,6.0
2025-02-02,PENGUIN-NOTEBOOK-A5,43,6.0
2025-02-03,PENGUIN-NOTEBOOK-A5,33,6.0
2025-02-04,PENGUIN-NOTEBOOK-A5,31,6.0
2025-02-05,PENGUIN-NOTEBOOK-A5,20,6.0
2025-02-06,PENGUIN-NOTEBOOK-A5,25,6.0
2025-02-07,PENGUIN-NOTEBOOK-A5,31,6.0
2025-02-08,PENGUIN-NOTEBOOK-A5,29,6.0
2025-02-09,PENGUIN-NOTEBOOK-A5,44,6.0
2025-02-10,PENGUIN-NOTEBOOK-A5,31,6.0
2025-02-11,PENGUIN-NOTEBOOK-A5,29,6.0
2025-02-12,PENGUIN-NOTEBOOK-A5,27,6.0
2025-02-13,PENGUIN-NOTEBOOK-A5,27,6.0
2025-02-14,PENGUIN-NOTEBOOK-A5,31,6.0
2025-02-15,PENGUIN-NOTEBOOK-A5,40,6.0
2025-02-16,PENGUIN-NOTEBOOK-A5,43,6.0
2025-02-17,PENGUIN-NOTEBOOK-A5,36,6.0
2025-02-18,PENGUIN-NOTEBOOK-A5,25,6.0
2025-02-19,PENGUIN-NOTEBOOK-A5,23,6.0
2025-02-20,PENGUIN-NOTEBOOK-A5,24,6.0
2025-02-21,PENGUIN-NOTEBOOK-A5,40,6.0
2025-02-22,PENGUIN-NOTEBOOK-A5,42,6.0
2025-02-23,PENGUIN-NOTEBOOK-A5,52,6.0
2025-02-24,PENGUIN-NOTEBOOK-A5,37,6.0
2025-02-25,PENGUIN-NOTEBOOK-A5,30,6.0
2025-02-26,PENGUIN-NOTEBOOK-A5,23,6.0
2025-02-27,PENGUIN-NOTEBOOK-A5,21,6.0
2025-02-28,PENGUIN-NOTEBOOK-A5,28,6.0
2025-03-01,PENGUIN-NOTEBOOK-A5,39,6.0
2025-03-02,PENGUIN-NOTEBOOK-A5,47,6.0
2025-03-03,PENGUIN-NOTEBOOK-A5,33,6.0
2025-03-04,PENGUIN-NOTEBOOK-A5,24,6.0
2025-03-05,PENGUIN-NOTEBOOK-A5,23,6.0
2025-03-06,PENGUIN-NOTEBOOK-A5,22,6.0
2025-03-07,PENGUIN-NOTEBOOK-A5,29,6.0
2025-03-08,PENGUIN-NOTEBOOK-A5,47,6.0
2025-03-09,PENGUIN-NOTEBOOK-A5,42,6.0
2025-03-10,PENGUIN-NOTEBOOK-A5,40,6.0
2025-03-11,PENGUIN-NOTEBOOK-A5,29,6.0
2025-03-12,PENGUIN-NOTEBOOK-A5,26,6.0
2025-03-13,PENGUIN-NOTEBOOK-A5,24,6.0
2025-03-14,PENGUIN-NOTEBOOK-A5,44,4.8
2025-03-15,PENGUIN-NOTEBOOK-A5,43,6.0
2025-03-16,PENGUIN-NOTEBOOK-A5,42,6.0
2025-03-17,PENGUIN-NOTEBOOK-A5,43,6.0
2025-03-18,PENGUIN-NOTEBOOK-A5,26,6.0
2025-03-19,PENGUIN-NOTEBOOK-A5,28,6.0
2025-03-20,PENGUIN-NOTEBOOK-A5,21,6.0
2025-03-21,PENGUIN-NOTEBOOK-A5,30,6.0
2025-03-22,PENGUIN-NOTEBOOK-A5,41,6.0
2025-03-23,PENGUIN-NOTEBOOK-A5,38,6.0
2025-03-24,PENGUIN-NOTEBOOK-A5,35,6.0
2025-03-25,PENGUIN-NOTEBOOK-A5,32,6.0
2025-03-26,PENGUIN-NOTEBOOK-A5,32,4.8
2025-03-27,PENGUIN-NOTEBOOK-A5,22,6.0
2025-03-28,PENGUIN-NOTEBOOK-A5,35,6.0
2025-03-29,PENGUIN-NOTEBOOK-A5,41,6.0
2025-03-30,PENGUIN-NOTEBOOK-A5,46,6.0
2025-03-31,PENGUIN-NOTEBOOK-A5,45,6.0
2025-04-01,PENGUIN-NOTEBOOK-A5,29,6.0
2025-04-02,PENGUIN-NOTEBOOK-A5,24,6.0
2025-04-03,PENGUIN-NOTEBOOK-A5,34,6.0
2025-04-04,PENGUIN-NOTEBOOK-A5,36,4.8
2025-04-05,PENGUIN-NOTEBOOK-A5,42,6.0
2025-04-06,PENGUIN-NOTEBOOK-A5,40,6.0
2025-04-07,PENGUIN-NOTEBOOK-A5,40,6.0
2025-04-08,PENGUIN-NOTEBOOK-A5,38,4.8
2025-04-09,PENGUIN-NOTEBOOK-A5,22,6.0
2025-04-10,PENGUIN-NOTEBOOK-A5,20,6.0
2025-04-11,PENGUIN-NOTEBOOK-A5,36,6.0
2025-04-12,PENGUIN-NOTEBOOK-A5,41,6.0
2025-04-13,PENGUIN-NOTEBOOK-A5,42,6.0
2025-04-14,PENGUIN-NOTEBOOK-A5,49,4.8
2025-04-15,PENGUIN-NOTEBOOK-A5,34,6.0
2025-04-16,PENGUIN-NOTEBOOK-A5,18,6.0
2025-04-17,PENGUIN-NOTEBOOK-A5,29,6.0
2025-04-18,PENGUIN-NOTEBOOK-A5,34,6.0
2025-04-19,PENGUIN-NOTEBOOK-A5,39,6.0
2025-04-20,PENGUIN-NOTEBOOK-A5,44,6.0
2025-04-21,PENGUIN-NOTEBOOK-A5,33,6.0
2025-04-22,PENGUIN-NOTEBOOK-A5,35,6.0
2025-04-23,PENGUIN-NOTEBOOK-A5,19,6.0
2025-04-24,PENGUIN-NOTEBOOK-A5,23,6.0
2025-04-25,PENGUIN-NOTEBOOK-A5,37,6.0
2025-04-26,PENGUIN-NOTEBOOK-A5,40,6.0
2025-04-27,PENGUIN-NOTEBOOK-A5,45,6.0
2025-04-28,PENGUIN-NOTEBOOK-A5,40,6.0
2025-04-29,PENGUIN-NOTEBOOK-A5,27,6.0
2025-04-30,PENGUIN-NOTEBOOK-A5,32,4.8
2025-05-01,PENGUIN-NOTEBOOK-A5,32,6.0
2025-05-02,PENGUIN-NOTEBOOK-A5,37,6.0
2025-05-03,PENGUIN-NOTEBOOK-A5,44,6.0
2025-05-04,PENGUIN-NOTEBOOK-A5,45,6.0
2025-05-05,PENGUIN-NOTEBOOK-A5,35,6.0
2025-05-06,PENGUIN-NOTEBOOK-A5,36,4.8
2025-05-07,PENGUIN-NOTEBOOK-A5,26,6.0
2025-05-08,PENGUIN-NOTEBOOK-A5,23,6.0
2025-05-09,PENGUIN-NOTEBOOK-A5,32,6.0
2025-05-10,PENGUIN-NOTEBOOK-A5,37,6.0
2025-05-11,PENGUIN-NOTEBOOK-A5,37,6.0
2025-05-12,PENGUIN-NOTEBOOK-A5,40,6.0
2025-05-13,PENGUIN-NOTEBOOK-A5,27,6.0
2025-05-14,PENGUIN-NOTEBOOK-A5,31,6.0
2025-05-15,PENGUIN-NOTEBOOK-A5,31,6.0
2025-05-16,PENGUIN-NOTEBOOK-A5,32,6.0
2025-05-17,PENGUIN-NOTEBOOK-A5,47,6.0
2025-05-18,PENGUIN-NOTEBOOK-A5,41,6.0
2025-05-19,PENGUIN-NOTEBOOK-A5,45,6.0
2025-05-20,PENGUIN-NOTEBOOK-A5,52,4.8
2025-05-21,PENGUIN-NOTEBOOK-A5,26,6.0
2025-05-22,PENGUIN-NOTEBOOK-A5,33,6.0
2025-05-23,PENGUIN-NOTEBOOK-A5,25,6.0
2025-05-24,PENGUIN-NOTEBOOK-A5,42,6.0
2025-05-25,PENGUIN-NOTEBOOK-A5,44,6.0
2025-05-26,PENGUIN-NOTEBOOK-A5,43,6.0
2025-05-27,PENGUIN-NOTEBOOK-A5,31,6.0
2025-05-28,PENGUIN-NOTEBOOK-A5,26,6.0
2025-05-29,PENGUIN-NOTEBOOK-A5,26,6.0
2025-05-30,PENGUIN-NOTEBOOK-A5,31,6.0
2025-05-31,PENGUIN-NOTEBOOK-A5,37,6.0
2025-06-01,PENGUIN-NOTEBOOK-A5,50,6.0
2025-06-02,PENGUIN-NOTEBOOK-A5,37,6.0
2025-06-03,PENGUIN-NOTEBOOK-A5,33,6.0
2025-06-04,PENGUIN-NOTEBOOK-A5,26,6.0
2025-06-05,PENGUIN-NOTEBOOK-A5,24,6.0
2025-06-06,PENGUIN-NOTEBOOK-A5,28,6.0
2025-06-07,PENGUIN-NOTEBOOK-A5,44,6.0
2025-06-08,PENGUIN-NOTEBOOK-A5,52,6.0
2025-06-09,PENGUIN-NOTEBOOK-A5,28,6.0
2025-06-10,PENGUIN-NOTEBOOK-A5,26,6.0
2025-06-11,PENGUIN-NOTEBOOK-A5,34,6.0
2025-06-12,PENGUIN-NOTEBOOK-A5,27,6.0
2025-06-13,PENGUIN-NOTEBOOK-A5,36,6.0
2025-06-14,PENGUIN-NOTEBOOK-A5,49,6.0
2025-06-15,PENGUIN-NOTEBOOK-A5,54,6.0
2025-06-16,PENGUIN-NOTEBOOK-A5,42,6.0
2025-06-17,PENGUIN-NOTEBOOK-A5,34,6.0
2025-06-18,PENGUIN-NOTEBOOK-A5,23,6.0
2025-06-19,PENGUIN-NOTEBOOK-A5,26,6.0
2025-06-20,PENGUIN-NOTEBOOK-A5,30,6.0
2025-06-21,PENGUIN-NOTEBOOK-A5,47,6.0
2025-06-22,PENGUIN-NOTEBOOK-A5,49,6.0
2025-06-23,PENGUIN-NOTEBOOK-A5,43,6.0
2025-06-24,PENGUIN-NOTEBOOK-A5,34,6.0
2025-06-25,PENGUIN-NOTEBOOK-A5,19,6.0
2025-06-26,PENGUIN-NOTEBOOK-A5,26,6.0
2025-06-27,PENGUIN-NOTEBOOK-A5,44,4.8
2025-06-28,PENGUIN-NOTEBOOK-A5,42,6.0
2025-06-29,PENGUIN-NOTEBOOK-A5,49,6.0
2025-01-01,BOSCH-DRILL-BIT-SET,44,22.0
2025-01-02,BOSCH-DRILL-BIT-SET,51,22.0
2025-01-03,BOSCH-DRILL-BIT-SET,71,22.0
2025-01-04,BOSCH-DRILL-BIT-SET,86,22.0
2025-01-05,BOSCH-DRILL-BIT-SET,91,22.0
2025-01-06,BOSCH-DRILL-BIT-SET,81,22.0
2025-01-07,BOSCH-DRILL-BIT-SET,50,22.0
2025-01-08,BOSCH-DRILL-BIT-SET,40,22.0
2025-01-09,BOSCH-DRILL-BIT-SET,50,22.0
2025-01-10,BOSCH-DRILL-BIT-SET,68,22.0
2025-01-11,BOSCH-DRILL-BIT-SET,134,17.6
2025-01-12,BOSCH-DRILL-BIT-SET,88,22.0
2025-01-13,BOSCH-DRILL-BIT-SET,82,22.0
2025-01-14,BOSCH-DRILL-BIT-SET,52,22.0
2025-01-15,BOSCH-DRILL-BIT-SET,41,22.0
2025-01-16,BOSCH-DRILL-BIT-SET,67,22.0
2025-01-17,BOSCH-DRILL-BIT-SET,77,22.0
2025-01-18,BOSCH-DRILL-BIT-SET,81,22.0
2025-01-19,BOSCH-DRILL-BIT-SET,89,22.0
2025-01-20,BOSCH-DRILL-BIT-SET,89,22.0
2025-01-21,BOSCH-DRILL-BIT-SET,60,22.0
2025-01-22,BOSCH-DRILL-BIT-SET,45,22.0
2025-01-23,BOSCH-DRILL-BIT-SET,58,22.0
2025-01-24,BOSCH-DRILL-BIT-SET,74,22.0
2025-01-25,BOSCH-DRILL-BIT-SET,74,22.0
2025-01-26,BOSCH-DRILL-BIT-SET,105,22.0
2025-01-27,BOSCH-DRILL-BIT-SET,83,22.0
2025-01-28,BOSCH-DRILL-BIT-SET,58,22.0
2025-01-29,BOSCH-DRILL-BIT-SET,45,22.0
2025-01-30,BOSCH-DRILL-BIT-SET,50,22.0
2025-01-31,BOSCH-DRILL-BIT-SET,60,22.0
2025-02-01,BOSCH-DRILL-BIT-SET,88,22.0
2025-02-02,BOSCH-DRILL-BIT-SET,85,22.0
2025-02-03,BOSCH-DRILL-BIT-SET,70,22.0
2025-02-04,BOSCH-DRILL-BIT-SET,54,22.0
2025-02-05,BOSCH-DRILL-BIT-SET,58,22.0
2025-02-06,BOSCH-DRILL-BIT-SET,50,22.0
2025-02-07,BOSCH-DRILL-BIT-SET,78,22.0
2025-02-08,BOSCH-DRILL-BIT-SET,97,22.0
2025-02-09,BOSCH-DRILL-BIT-SET,91,22.0
2025-02-10,BOSCH-DRILL-BIT-SET,82,22.0
2025-02-11,BOSCH-DRILL-BIT-SET,53,22.0
2025-02-12,BOSCH-DRILL-BIT-SET,46,22.0
2025-02-13,BOSCH-DRILL-BIT-SET,54,22.0
2025-02-14,BOSCH-DRILL-BIT-SET,93,17.6
2025-02-15,BOSCH-DRILL-BIT-SET,81,22.0
2025-02-16,BOSCH-DRILL-BIT-SET,103,22.0
2025-02-17,BOSCH-DRILL-BIT-SET,84,22.0
2025-02-18,BOSCH-DRILL-BIT-SET,58,22.0
2025-02-19,BOSCH-DRILL-BIT-SET,43,22.0
2025-02-20,BOSCH-DRILL-BIT-SET,54,22.0
2025-02-21,BOSCH-DRILL-BIT-SET,65,22.0
2025-02-22,BOSCH-DRILL-BIT-SET,86,22.0
2025-02-23,BOSCH-DRILL-BIT-SET,90,22.0
2025-02-24,BOSCH-DRILL-BIT-SET,78,22.0
2025-02-25,BOSCH-DRILL-BIT-SET,55,22.0
2025-02-26,BOSCH-DRILL-BIT-SET,51,22.0
2025-02-27,BOSCH-DRILL-BIT-SET,60,22.0
2025-02-28,BOSCH-DRILL-BIT-SET,69,22.0
2025-03-01,BOSCH-DRILL-BIT-SET,89,22.0
2025-03-02,BOSCH-DRILL-BIT-SET,87,22.0
2025-03-03,BOSCH-DRILL-BIT-SET,78,22.0
2025-03-04,BOSCH-DRILL-BIT-SET,65,22.0
2025-03-05,BOSCH-DRILL-BIT-SET,45,22.0
2025-03-06,BOSCH-DRILL-BIT-SET,50,22.0
2025-03-07,BOSCH-DRILL-BIT-SET,70,22.0
2025-03-08,BOSCH-DRILL-BIT-SET,85,22.0
2025-03-09,BOSCH-DRILL-BIT-SET,127,17.6
2025-03-10,BOSCH-DRILL-BIT-SET,77,22.0
2025-03-11,BOSCH-DRILL-BIT-SET,39,22.0
2025-03-12,BOSCH-DRILL-BIT-SET,39,22.0
2025-03-13,BOSCH-DRILL-BIT-SET,60,22.0
2025-03-14,BOSCH-DRILL-BIT-SET,69,22.0
2025-03-15,BOSCH-DRILL-BIT-SET,87,22.0
2025-03-16,BOSCH-DRILL-BIT-SET,86,22.0
2025-03-17,BOSCH-DRILL-BIT-SET,84,22.0
2025-03-18,BOSCH-DRILL-BIT-SET,63,22.0
2025-03-19,BOSCH-DRILL-BIT-SET,48,22.0
2025-03-20,BOSCH-DRILL-BIT-SET,78,17.6
2025-03-21,BOSCH-DRILL-BIT-SET,73,22.0
2025-03-22,BOSCH-DRILL-BIT-SET,82,22.0
2025-03-23,BOSCH-DRILL-BIT-SET,88,22.0
2025-03-24,BOSCH-DRILL-BIT-SET,86,22.0
2025-03-25,BOSCH-DRILL-BIT-SET,61,22.0
2025-03-26,BOSCH-DRILL-BIT-SET,59,22.0
2025-03-27,BOSCH-DRILL-BIT-SET,56,22.0
2025-03-28,BOSCH-DRILL-BIT-SET,63,22.0
2025-03-29,BOSCH-DRILL-BIT-SET,90,22.0
2025-03-30,BOSCH-DRILL-BIT-SET,124,17.6
2025-03-31,BOSCH-DRILL-BIT-SET,68,22.0
2025-04-01,BOSCH-DRILL-BIT-SET,50,22.0
2025-04-02,BOSCH-DRILL-BIT-SET,53,22.0
2025-04-03,BOSCH-DRILL-BIT-SET,58,22.0
2025-04-04,BOSCH-DRILL-BIT-SET,66,22.0
2025-04-05,BOSCH-DRILL-BIT-SET,85,22.0
2025-04-06,BOSCH-DRILL-BIT-SET,89,22.0
2025-04-07,BOSCH-DRILL-BIT-SET,80,22.0
2025-04-08,BOSCH-DRILL-BIT-SET,59,22.0
2025-04-09,BOSCH-DRILL-BIT-SET,55,22.0
2025-04-10,BOSCH-DRILL-BIT-SET,51,22.0
2025-04-11,BOSCH-DRILL-BIT-SET,81,22.0
2025-04-12,BOSCH-DRILL-BIT-SET,92,22.0
2025-04-13,BOSCH-DRILL-BIT-SET,91,22.0
2025-04-14,BOSCH-DRILL-BIT-SET,77,22.0
2025-04-15,BOSCH-DRILL-BIT-SET,61,22.0
2025-04-16,BOSCH-DRILL-BIT-SET,52,22.0
2025-04-17,BOSCH-DRILL-BIT-SET,52,22.0
2025-04-18,BOSCH-DRILL-BIT-SET,69,22.0
2025-04-19,BOSCH-DRILL-BIT-SET,85,22.0
2025-04-20,BOSCH-DRILL-BIT-SET,87,22.0
2025-04-21,BOSCH-DRILL-BIT-SET,82,22.0
2025-04-22,BOSCH-DRILL-BIT-SET,61,22.0
2025-04-23,BOSCH-DRILL-BIT-SET,40,22.0
2025-04-24,BOSCH-DRILL-BIT-SET,51,22.0
2025-04-25,BOSCH-DRILL-BIT-SET,64,22.0
2025-04-26,BOSCH-DRILL-BIT-SET,86,22.0
2025-04-27,BOSCH-DRILL-BIT-SET,87,22.0
2025-04-28,BOSCH-DRILL-BIT-SET,72,22.0
2025-04-29,BOSCH-DRILL-BIT-SET,61,22.0
2025-04-30,BOSCH-DRILL-BIT-SET,45,22.0
2025-05-01,BOSCH-DRILL-BIT-SET,54,22.0
2025-05-02,BOSCH-DRILL-BIT-SET,70,22.0
2025-05-03,BOSCH-DRILL-BIT-SET,91,22.0
2025-05-04,BOSCH-DRILL-BIT-SET,130,17.6
2025-05-05,BOSCH-DRILL-BIT-SET,75,22.0
2025-05-06,BOSCH-DRILL-BIT-SET,83,17.6
2025-05-07,BOSCH-DRILL-BIT-SET,48,22.0
2025-05-08,BOSCH-DRILL-BIT-SET,61,22.0
2025-05-09,BOSCH-DRILL-BIT-SET,66,22.0
2025-05-10,BOSCH-DRILL-BIT-SET,88,22.0
2025-05-11,BOSCH-DRILL-BIT-SET,89,22.0
2025-05-12,BOSCH-DRILL-BIT-SET,75,22.0
2025-05-13,BOSCH-DRILL-BIT-SET,68,22.0
2025-05-14,BOSCH-DRILL-BIT-SET,49,22.0
2025-05-15,BOSCH-DRILL-BIT-SET,59,22.0
2025-05-16,BOSCH-DRILL-BIT-SET,77,22.0
2025-05-17,BOSCH-DRILL-BIT-SET,89,22.0
2025-05-18,BOSCH-DRILL-BIT-SET,91,22.0
2025-05-19,BOSCH-DRILL-BIT-SET,72,22.0
2025-05-20,BOSCH-DRILL-BIT-SET,54,22.0
2025-05-21,BOSCH-DRILL-BIT-SET,48,22.0
2025-05-22,BOSCH-DRILL-BIT-SET,45,22.0
2025-05-23,BOSCH-DRILL-BIT-SET,76,22.0
2025-05-24,BOSCH-DRILL-BIT-SET,135,17.6
2025-05-25,BOSCH-DRILL-BIT-SET,81,22.0
2025-05-26,BOSCH-DRILL-BIT-SET,79,22.0
2025-05-27,BOSCH-DRILL-BIT-SET,63,22.0
2025-05-28,BOSCH-DRILL-BIT-SET,45,22.0
2025-05-29,BOSCH-DRILL-BIT-SET,50,22.0
2025-05-30,BOSCH-DRILL-BIT-SET,62,22.0
2025-05-31,BOSCH-DRILL-BIT-SET,91,22.0
2025-06-01,BOSCH-DRILL-BIT-SET,89,22.0
2025-06-02,BOSCH-DRILL-BIT-SET,79,22.0
2025-06-03,BOSCH-DRILL-BIT-SET,54,22.0
2025-06-04,BOSCH-DRILL-BIT-SET,48,22.0
2025-06-05,BOSCH-DRILL-BIT-SET,58,22.0
2025-06-06,BOSCH-DRILL-BIT-SET,71,22.0
2025-06-07,BOSCH-DRILL-BIT-SET,91,22.0
2025-06-08,BOSCH-DRILL-BIT-SET,97,22.0
2025-06-09,BOSCH-DRILL-BIT-SET,77,22.0
2025-06-10,BOSCH-DRILL-BIT-SET,84,17.6
2025-06-11,BOSCH-DRILL-BIT-SET,52,22.0
2025-06-12,BOSCH-DRILL-BIT-SET,58,22.0
2025-06-13,BOSCH-DRILL-BIT-SET,78,22.0
2025-06-14,BOSCH-DRILL-BIT-SET,73,22.0
2025-06-15,BOSCH-DRILL-BIT-SET,90,22.0
2025-06-16,BOSCH-DRILL-BIT-SET,75,22.0
2025-06-17,BOSCH-DRILL-BIT-SET,69,22.0
2025-06-18,BOSCH-DRILL-BIT-SET,48,22.0
2025-06-19,BOSCH-DRILL-BIT-SET,56,22.0
2025-06-20,BOSCH-DRILL-BIT-SET,82,22.0
2025-06-21,BOSCH-DRILL-BIT-SET,72,22.0
2025-06-22,BOSCH-DRILL-BIT-SET,87,22.0
2025-06-23,BOSCH-DRILL-BIT-SET,63,22.0
2025-06-24,BOSCH-DRILL-BIT-SET,66,22.0
2025-06-25,BOSCH-DRILL-BIT-SET,53,22.0
2025-06-26,BOSCH-DRILL-BIT-SET,65,22.0
2025-06-27,BOSCH-DRILL-BIT-SET,70,22.0
2025-06-28,BOSCH-DRILL-BIT-SET,90,22.0
2025-06-29,BOSCH-DRILL-BIT-SET,94,22.0
2025-01-01,NIVEA-BODY-LOTION,28,8.0
2025-01-02,NIVEA-BODY-LOTION,25,8.0
2025-01-03,NIVEA-BODY-LOTION,37,8.0
2025-01-04,NIVEA-BODY-LOTION,53,8.0
2025-01-05,NIVEA-BODY-LOTION,51,8.0
2025-01-06,NIVEA-BODY-LOTION,36,8.0
2025-01-07,NIVEA-BODY-LOTION,28,8.0
2025-01-08,NIVEA-BODY-LOTION,28,8.0
2025-01-09,NIVEA-BODY-LOTION,25,8.0
2025-01-10,NIVEA-BODY-LOTION,37,8.0
2025-01-11,NIVEA-BODY-LOTION,48,8.0
2025-01-12,NIVEA-BODY-LOTION,53,8.0
2025-01-13,NIVEA-BODY-LOTION,39,8.0
2025-01-14,NIVEA-BODY-LOTION,30,8.0
2025-01-15,NIVEA-BODY-LOTION,27,8.0
2025-01-16,NIVEA-BODY-LOTION,29,8.0
2025-01-17,NIVEA-BODY-LOTION,39,8.0
2025-01-18,NIVEA-BODY-LOTION,56,8.0
2025-01-19,NIVEA-BODY-LOTION,57,8.0
2025-01-20,NIVEA-BODY-LOTION,44,8.0
2025-01-21,NIVEA-BODY-LOTION,46,6.4
2025-01-22,NIVEA-BODY-LOTION,28,8.0
2025-01-23,NIVEA-BODY-LOTION,36,8.0
2025-01-24,NIVEA-BODY-LOTION,39,8.0
2025-01-25,NIVEA-BODY-LOTION,54,8.0
2025-01-26,NIVEA-BODY-LOTION,53,8.0
2025-01-27,NIVEA-BODY-LOTION,50,8.0
2025-01-28,NIVEA-BODY-LOTION,49,6.4
2025-01-29,NIVEA-BODY-LOTION,26,8.0
2025-01-30,NIVEA-BODY-LOTION,32,8.0
2025-01-31,NIVEA-BODY-LOTION,42,8.0
2025-02-01,NIVEA-BODY-LOTION,45,8.0
2025-02-02,NIVEA-BODY-LOTION,67,6.4
2025-02-03,NIVEA-BODY-LOTION,37,8.0
2025-02-04,NIVEA-BODY-LOTION,26,8.0
2025-02-05,NIVEA-BODY-LOTION,29,8.0
2025-02-06,NIVEA-BODY-LOTION,26,8.0
2025-02-07,NIVEA-BODY-LOTION,58,6.4
2025-02-08,NIVEA-BODY-LOTION,46,8.0
2025-02-09,NIVEA-BODY-LOTION,55,8.0
2025-02-10,NIVEA-BODY-LOTION,44,8.0
2025-02-11,NIVEA-BODY-LOTION,34,8.0
2025-02-12,NIVEA-BODY-LOTION,42,6.4
2025-02-13,NIVEA-BODY-LOTION,32,8.0
2025-02-14,NIVEA-BODY-LOTION,36,8.0
2025-02-15,NIVEA-BODY-LOTION,50,8.0
2025-02-16,NIVEA-BODY-LOTION,52,8.0
2025-02-17,NIVEA-BODY-LOTION,42,8.0
2025-02-18,NIVEA-BODY-LOTION,34,8.0
2025-02-19,NIVEA-BODY-LOTION,23,8.0
2025-02-20,NIVEA-BODY-LOTION,32,8.0
2025-02-21,NIVEA-BODY-LOTION,51,8.0
2025-02-22,NIVEA-BODY-LOTION,46,8.0
2025-02-23,NIVEA-BODY-LOTION,46,8.0
2025-02-24,NIVEA-BODY-LOTION,55,8.0
2025-02-25,NIVEA-BODY-LOTION,36,8.0
2025-02-26,NIVEA-BODY-LOTION,34,8.0
2025-02-27,NIVEA-BODY-LOTION,36,8.0
2025-02-28,NIVEA-BODY-LOTION,35,8.0
2025-03-01,NIVEA-BODY-LOTION,57,8.0
2025-03-02,NIVEA-BODY-LOTION,52,8.0
2025-03-03,NIVEA-BODY-LOTION,40,8.0
2025-03-04,NIVEA-BODY-LOTION,36,8.0
2025-03-05,NIVEA-BODY-LOTION,29,8.0
2025-03-06,NIVEA-BODY-LOTION,34,8.0
2025-03-07,NIVEA-BODY-LOTION,36,8.0
2025-03-08,NIVEA-BODY-LOTION,61,8.0
2025-03-09,NIVEA-BODY-LOTION,51,8.0
2025-03-10,NIVEA-BODY-LOTION,48,8.0
2025-03-11,NIVEA-BODY-LOTION,27,8.0
2025-03-12,NIVEA-BODY-LOTION,23,8.0
2025-03-13,NIVEA-BODY-LOTION,47,6.4
2025-03-14,NIVEA-BODY-LOTION,46,8.0
2025-03-15,NIVEA-BODY-LOTION,47,8.0
2025-03-16,NIVEA-BODY-LOTION,55,8.0
2025-03-17,NIVEA-BODY-LOTION,41,8.0
2025-03-18,NIVEA-BODY-LOTION,31,8.0
2025-03-19,NIVEA-BODY-LOTION,26,8.0
2025-03-20,NIVEA-BODY-LOTION,28,8.0
2025-03-21,NIVEA-BODY-LOTION,36,8.0
2025-03-22,NIVEA-BODY-LOTION,72,6.4
2025-03-23,NIVEA-BODY-LOTION,57,8.0
2025-03-24,NIVEA-BODY-LOTION,47,8.0
2025-03-25,NIVEA-BODY-LOTION,43,8.0
2025-03-26,NIVEA-BODY-LOTION,27,8.0
2025-03-27,NIVEA-BODY-LOTION,34,8.0
2025-03-28,NIVEA-BODY-LOTION,39,8.0
2025-03-29,NIVEA-BODY-LOTION,52,8.0
2025-03-30,NIVEA-BODY-LOTION,57,8.0
2025-03-31,NIVEA-BODY-LOTION,45,8.0
2025-04-01,NIVEA-BODY-LOTION,30,8.0
2025-04-02,NIVEA-BODY-LOTION,25,8.0
2025-04-03,NIVEA-BODY-LOTION,30,8.0
2025-04-04,NIVEA-BODY-LOTION,38,8.0
2025-04-05,NIVEA-BODY-LOTION,45,8.0
2025-04-06,NIVEA-BODY-LOTION,53,8.0
2025-04-07,NIVEA-BODY-LOTION,38,8.0
2025-04-08,NIVEA-BODY-LOTION,31,8.0
2025-04-09,NIVEA-BODY-LOTION,30,8.0
2025-04-10,NIVEA-BODY-LOTION,25,8.0
2025-04-11,NIVEA-BODY-LOTION,45,8.0
2025-04-12,NIVEA-BODY-LOTION,47,8.0
2025-04-13,NIVEA-BODY-LOTION,46,8.0
2025-04-14,NIVEA-BODY-LOTION,43,8.0
2025-04-15,NIVEA-BODY-LOTION,32,8.0
2025-04-16,NIVEA-BODY-LOTION,27,8.0
2025-04-17,NIVEA-BODY-LOTION,38,8.0
2025-04-18,NIVEA-BODY-LOTION,43,8.0
2025-04-19,NIVEA-BODY-LOTION,44,8.0
2025-04-20,NIVEA-BODY-LOTION,50,8.0
2025-04-21,NIVEA-BODY-LOTION,47,8.0
2025-04-22,NIVEA-BODY-LOTION,35,8.0
2025-04-23,NIVEA-BODY-LOTION,25,8.0
2025-04-24,NIVEA-BODY-LOTION,31,8.0
2025-04-25,NIVEA-BODY-LOTION,40,8.0
2025-04-26,NIVEA-BODY-LOTION,46,8.0
2025-04-27,NIVEA-BODY-LOTION,53,8.0
2025-04-28,NIVEA-BODY-LOTION,42,8.0
2025-04-29,NIVEA-BODY-LOTION,33,8.0
2025-04-30,NIVEA-BODY-LOTION,29,8.0
2025-05-01,NIVEA-BODY-LOTION,30,8.0
2025-05-02,NIVEA-BODY-LOTION,50,8.0
2025-05-03,NIVEA-BODY-LOTION,48,8.0
2025-05-04,NIVEA-BODY-LOTION,54,8.0
2025-05-05,NIVEA-BODY-LOTION,44,8.0
2025-05-06,NIVEA-BODY-LOTION,35,8.0
2025-05-07,NIVEA-BODY-LOTION,34,8.0
2025-05-08,NIVEA-BODY-LOTION,29,8.0
2025-05-09,NIVEA-BODY-LOTION,47,8.0
2025-05-10,NIVEA-BODY-LOTION,47,8.0
2025-05-11,NIVEA-BODY-LOTION,56,8.0
2025-05-12,NIVEA-BODY-LOTION,40,8.0
2025-05-13,NIVEA-BODY-LOTION,34,8.0
2025-05-14,NIVEA-BODY-LOTION,27,8.0
2025-05-15,NIVEA-BODY-LOTION,31,8.0
2025-05-16,NIVEA-BODY-LOTION,48,8.0
2025-05-17,NIVEA-BODY-LOTION,58,8.0
2025-05-18,NIVEA-BODY-LOTION,54,8.0
2025-05-19,NIVEA-BODY-LOTION,43,8.0
2025-05-20,NIVEA-BODY-LOTION,53,6.4
2025-05-21,NIVEA-BODY-LOTION,25,8.0
2025-05-22,NIVEA-BODY-LOTION,28,8.0
2025-05-23,NIVEA-BODY-LOTION,44,8.0
2025-05-24,NIVEA-BODY-LOTION,53,8.0
2025-05-25,NIVEA-BODY-LOTION,77,6.4
2025-05-26,NIVEA-BODY-LOTION,46,8.0
2025-05-27,NIVEA-BODY-LOTION,62,6.4
2025-05-28,NIVEA-BODY-LOTION,26,8.0
2025-05-29,NIVEA-BODY-LOTION,32,8.0
2025-05-30,NIVEA-BODY-LOTION,41,8.0
2025-05-31,NIVEA-BODY-LOTION,58,8.0
2025-06-01,NIVEA-BODY-LOTION,50,8.0
2025-06-02,NIVEA-BODY-LOTION,41,8.0
2025-06-03,NIVEA-BODY-LOTION,34,8.0
2025-06-04,NIVEA-BODY-LOTION,27,8.0
2025-06-05,NIVEA-BODY-LOTION,49,6.4
2025-06-06,NIVEA-BODY-LOTION,35,8.0
2025-06-07,NIVEA-BODY-LOTION,58,8.0
2025-06-08,NIVEA-BODY-LOTION,56,8.0
2025-06-09,NIVEA-BODY-LOTION,45,8.0
2025-06-10,NIVEA-BODY-LOTION,33,8.0
2025-06-11,NIVEA-BODY-LOTION,31,8.0
2025-06-12,NIVEA-BODY-LOTION,33,8.0
2025-06-13,NIVEA-BODY-LOTION,65,6.4
2025-06-14,NIVEA-BODY-LOTION,63,8.0
2025-06-15,NIVEA-BODY-LOTION,55,8.0
2025-06-16,NIVEA-BODY-LOTION,52,8.0
2025-06-17,NIVEA-BODY-LOTION,38,8.0
2025-06-18,NIVEA-BODY-LOTION,28,8.0
2025-06-19,NIVEA-BODY-LOTION,39,8.0
2025-06-20,NIVEA-BODY-LOTION,48,8.0
2025-06-21,NIVEA-BODY-LOTION,49,8.0
2025-06-22,NIVEA-BODY-LOTION,57,8.0
2025-06-23,NIVEA-BODY-LOTION,55,8.0
2025-06-24,NIVEA-BODY-LOTION,54,6.4
2025-06-25,NIVEA-BODY-LOTION,33,8.0
2025-06-26,NIVEA-BODY-LOTION,32,8.0
2025-06-27,NIVEA-BODY-LOTION,63,6.4
2025-06-28,NIVEA-BODY-LOTION,57,8.0
2025-06-29,NIVEA-BODY-LOTION,52,8.0
